,harvard_oxford,destrieux,diedrichsen,jhu,juelich,mist,yeo_networks7,yeo_networks17,component,cut_coords
0,Middle Frontal Gyrus,L S_front_middle,Background,Background,Background,left_MIDDLE_FRONTAL_GYRUS_anterior,SalVentAttnA,SalVentAttnB,0,"[-34.73048303080569, 38.54514093686129, 29.27629338925314]"
1,Frontal Pole,R S_front_middle,Background,Background,Background,right_MIDDLE_FRONTAL_GYRUS_anterior,ContA,SalVentAttnB,1,"[31.942795025742726, 47.776356430411795, 24.24570201108824]"
2,Superior Parietal Lobule,L G_and_S_paracentral,Background,Background,GM Superior parietal lobule 5L R,SUPERIOR_PARIETAL_LOBULE,DorsAttnB,DorsAttnB,2,"[25.048947676644104, -43.99665418947089, 75.99160672235544]"
3,"Inferior Frontal Gyrus, pars triangularis",R S_front_inf,Background,Background,GM Broca's area BA45 R,right_INFERIOR_FRONTAL_SULCUS,ContA,ContA,3,"[47.24314029091019, 27.732755346897875, 20.782072906420737]"
4,Background,Background,Background,Superior fronto-occipital fasciculus (could be a part of anterior internal capsule) R,WM Superior occipito-frontal fascicle L,CAUDATE_dorsal,Background,Background,4,"[-19.15448256261668, -4.9260536823530146, 27.539863115972608]"
5,Cuneal Cortex,R S_parieto_occipital,Background,Background,GM Visual cortex V2 BA18 R,MEDIODORSAL_VISUAL_NETWORK_anterior,VisCent,VisPeri,5,"[5.134157488528558, -71.89338819358333, 22.38507397676466]"
6,Background,Background,Background,Genu of corpus callosum,WM Callosal body,CAUDATE_dorsal,Background,Background,6,"[0.007662502615545463, 1.062861677147879, 22.05863844180996]"
7,"Lateral Occipital Cortex, superior division",L S_oc_sup_and_transversal,Background,Background,GM Visual cortex V2 BA18 L,LATERAL_VISUAL_NETWORK_dorsoposterior,VisCent,VisCent,7,"[-25.993941019079685, -86.22362182207458, 17.78982379341248]"
8,Occipital Pole,R Pole_occipital,Background,Background,GM Visual cortex V1 BA17 L,POSTERIOR_VISUAL_NETWORK_ventromedial,VisCent,VisCent,8,"[-7.2397259590040335, -98.67615697680488, -4.544498715042906]"
9,"Temporal Fusiform Cortex, posterior division",R S_collat_transv_ant,Background,Posterior thalamic radiation (include optic radiation) L,GM Hippocampus cornu ammonis R,INFERIOR_TEMPORAL_GYRUS,LimbicA,LimbicA,9,"[38.91418072441428, -16.63572718282441, -23.793148054420257]"
10,Superior Parietal Lobule,R G_parietal_sup,Background,Background,GM Superior parietal lobule 7A R,right_INTRAPARIETAL_SULCUS,DorsAttnB,DorsAttnA,10,"[41.45294178806975, -51.44975696610258, 62.811806097611225]"
11,Frontal Pole,L G_front_sup,Background,Background,Background,left_SUPERIOR_FRONTAL_SULCUS_anterior,DefaultB,DefaultB,11,"[-16.10325445488563, 52.87523874100543, 34.090313248241614]"
12,"Cingulate Gyrus, anterior division",L G_and_S_cingul-Mid-Ant,Background,Cingulum (cingulate gyrus) R,WM Cingulum L,ANTERIOR_CINGULATE_CORTEX_dorsal,SalVentAttnA,SalVentAttnA,12,"[-0.6681786083071017, 16.877762669385277, 34.15032676470659]"
13,"Cingulate Gyrus, posterior division",R G_and_S_cingul-Mid-Post,Background,Cingulum (cingulate gyrus) R,GM Superior parietal lobule 5M L,INFERIOR_MARGINAL_SULCUS,SalVentAttnA,ContC,13,"[-0.0167271164315963, -24.02789351886105, 45.00335648900986]"
14,"Cingulate Gyrus, posterior division",R G_cingul-Post-dorsal,Background,External capsule L,WM Cingulum L,PRECUNEUS_ventral,DefaultB,DefaultA,14,"[1.3551168111349483, -51.56665189945147, 27.138078297339177]"
15,"Inferior Frontal Gyrus, pars triangularis",L G_front_inf-Triangul,Background,Background,GM Broca's area BA45 L,left_VENTROLATERAL_PREFRONTAL_CORTEX,DefaultB,DefaultB,15,"[-53.320606011949515, 25.32085604936512, -0.6828377308232803]"
16,Juxtapositional Lobule Cortex (formerly Supplementary Motor Cortex),L G_and_S_cingul-Mid-Ant,Background,Background,GM Premotor cortex BA6 L,PRE_SUPPLEMENTARY_MOTOR_CORTEX_posterior,SalVentAttnA,SalVentAttnA,16,"[0.05576160671208186, 0.43315971941981957, 52.34611817340095]"
17,"Lateral Occipital Cortex, superior division",L G_parietal_sup,Background,Background,GM Superior parietal lobule 7P L,PRECUNEUS_dorsal,DorsAttnB,DorsAttnA,17,"[-10.49292351438612, -77.08011967312586, 56.33666487063823]"
18,Superior Parietal Lobule,R S_cingul-Marginalis,Background,Background,GM Superior parietal lobule 7PC R,DORSAL_VISUAL_STREAM_superior,DorsAttnB,DorsAttnB,18,"[-18.238892977976718, -53.50939195504142, 54.35822116541465]"
19,Central Opercular Cortex,L G_front_inf-Opercular,Background,Background,GM Broca's area BA44 L,ANTERIOR_INSULA_posterodorsal,SalVentAttnA,SalVentAttnA,19,"[-42.21681526436766, 5.701093238958521, 4.735021378532096]"
20,"Parahippocampal Gyrus, anterior division",R G_oc-temp_med-Parahip,Background,Uncinate fasciculus R,GM Amygdala_laterobasal group L,AMYGDALA,Background,Background,20,"[25.129566316553237, -10.062817390514411, -21.2899994497364]"
21,"Supramarginal Gyrus, anterior division",L G_pariet_inf-Supramar,Background,Background,GM Inferior parietal lobule PF L,left_INFERIOR_PARIETAL_LOBULE,SalVentAttnA,SalVentAttnB,21,"[-62.561168947309255, -39.22625862955343, 37.55226332366708]"
22,Postcentral Gyrus,L G_postcentral,Background,Background,GM Primary somatosensory cortex BA1 L,left_SOMATOMOTOR_NETWORK_dorsolateral,SomMotA,SomMotA,22,"[-41.10438872404689, -24.516040909860223, 55.955702399074454]"
23,Precuneous Cortex,L S_parieto_occipital,Background,Background,GM Superior parietal lobule 7M L,PARIETO_OCCIPITAL_SULCUS_dorsal,ContA,ContC,23,"[12.116284049498518, -67.19988097652787, 34.20881206896422]"
24,Occipital Pole,L Pole_occipital,Background,Background,GM Visual cortex V3V L,POSTERIOR_VISUAL_NETWORK_lateral,VisCent,VisCent,24,"[-30.982015313030374, -96.70806912038152, -9.186946238580688]"
25,Planum Temporale,L S_temporal_transverse,Background,Background,GM Primary auditory cortex TE1.2 L,SUPERIOR_TEMPORAL_GYRUS_middle,SomMotA,SomMotB,25,"[-59.20398313948937, -15.257115054287183, 6.309800329838907]"
26,Superior Parietal Lobule,L G_parietal_sup,Background,Background,GM Superior parietal lobule 7PC L,left_INTRAPARIETAL_SULCUS,DorsAttnB,ContA,26,"[-42.498501903987105, -48.03198039283045, 54.513695179715654]"
27,"Inferior Temporal Gyrus, temporooccipital part",R G_and_S_occipital_inf,Right Crus I,Background,GM Visual cortex V4 R,LATERAL_VISUAL_NETWORK_ventroposterior,VisCent,VisCent,27,"[46.45970726628366, -65.06242556887206, -17.674859135996662]"
28,Angular Gyrus,R G_pariet_inf-Angular,Background,Background,GM Inferior parietal lobule Pga R,right_INFERIOR_PARIETAL_LOBULE,ContA,ContB,28,"[48.12698017838164, -60.9372735169822, 51.89167726549417]"
29,Postcentral Gyrus,L G_postcentral,Background,Background,GM Primary somatosensory cortex BA2 L,right_POSTCENTRAL_SULCUS,DorsAttnB,DorsAttnB,29,"[-48.23608522267257, -31.106984067509572, 49.77807859310835]"
30,"Lateral Occipital Cortex, superior division",R S_oc_sup_and_transversal,Background,Background,GM Inferior parietal lobule PGp R,LATERAL_VISUAL_NETWORK_dorsoposterior,VisCent,VisCent,30,"[33.48567416006563, -78.53210215398497, 19.713465026429347]"
31,"Cingulate Gyrus, anterior division",L G_and_S_cingul-Ant,Background,Pontine crossing tract (a part of MCP),WM Cingulum L,PERIGENUAL_ANTERIOR_CINGULATE_CORTEX,DefaultB,DefaultA,31,"[0.916467315755412, 41.7797258634086, 10.127707038482825]"
32,Background,Background,Left X,Medial lemniscus L,Background,CEREBELLUM_IX_middle,Background,Background,32,"[-0.5322191595042369, -48.01366672583984, -43.48305239461892]"
33,Background,L S_front_inf,Background,Anterior corona radiata R,WM Superior occipito-frontal fascicle L,CAUDATE_dorsal,Background,Background,33,"[-22.561959165689586, 24.196493830481586, 16.920555756415624]"
34,"Lateral Occipital Cortex, inferior division",R S_oc-temp_lat,Background,Background,GM Visual cortex V5 R,FUSIFORM_GYRUS_ventrolateral,VisCent,DorsAttnA,34,"[47.42392233722779, -64.9800295676329, -7.026870651261419]"
35,Background,Background,Vermis VIIb,Inferior cerebellar peduncle L,Background,CEREBELLUM_IX_dorsal,Background,Background,35,"[-0.16933008812159756, -60.73045654904706, -33.81424427333503]"
36,Subcallosal Cortex,L G_subcallosal,Background,Anterior limb of internal capsule R,WM Callosal body,CAUDATE_ventral,Background,Background,36,"[9.946531200139901, 16.45122598452673, -1.7190358451574355]"
37,"Supramarginal Gyrus, posterior division",R G_pariet_inf-Supramar,Background,Background,GM Inferior parietal lobule PF R,right_INFERIOR_PARIETAL_LOBULE,SalVentAttnA,SalVentAttnB,37,"[64.50477274488583, -37.85795737132773, 36.82377369438575]"
38,Paracingulate Gyrus,L G_front_sup,Background,Background,Background,DORSOMEDIAL_PREFRONTAL_CORTEX_anterocaudal,DefaultB,DefaultA,38,"[-1.337871711043448, 56.388268879922066, 10.451065543123008]"
39,Juxtapositional Lobule Cortex (formerly Supplementary Motor Cortex),R G_and_S_cingul-Mid-Ant,Background,Background,GM Premotor cortex BA6 R,PRE_SUPPLEMENTARY_MOTOR_CORTEX_posterior,SalVentAttnA,SalVentAttnA,39,"[6.474830426504212, 10.90264893733081, 47.68224591948656]"
40,Background,L S_circular_insula_inf,Background,Posterior limb of internal capsule R,GM Insula Ig2 L,THALAMUS_ventral,Background,Background,40,"[-14.533175614973501, -21.73949724093457, 3.083954546593233]"
41,"Supramarginal Gyrus, anterior division",L S_postcentral,Background,Background,GM Inferior parietal lobule PFt L,right_POSTCENTRAL_SULCUS,DorsAttnB,DorsAttnB,41,"[-48.09054801174024, -32.651753904143476, 40.713512164714416]"
42,Frontal Medial Cortex,R S_suborbital,Background,Background,Background,VENTRAL_MEDIAL_PREFRONTAL_CORTEX_posterior,LimbicA,LimbicB,42,"[-1.6955293322375269, 47.448473838509756, -14.081928270448117]"
43,Juxtapositional Lobule Cortex (formerly Supplementary Motor Cortex),R S_precentral-sup-part,Background,Background,GM Premotor cortex BA6 R,PRE_SUPPLEMENTARY_MOTOR_CORTEX_posterior,SomMotA,SomMotA,43,"[8.887513294173246, -6.57892203845239, 65.16891153733326]"
44,Superior Frontal Gyrus,L S_front_sup,Background,Background,Background,left_SUPERIOR_FRONTAL_SULCUS_anterior,DefaultB,DefaultA,44,"[-24.826985620011385, 29.096952234451436, 43.152148729697984]"
45,Superior Parietal Lobule,R S_postcentral,Background,Background,GM Primary somatosensory cortex BA2 R,POSTCENTRAL_SULCUS_dorsal,DorsAttnB,DorsAttnB,45,"[34.61820441135541, -41.07051317790852, 57.97512244481203]"
46,"Supramarginal Gyrus, anterior division",R S_postcentral,Background,Background,GM Inferior parietal lobule PFt R,left_POSTCENTRAL_SULCUS,DorsAttnB,DorsAttnB,46,"[57.30592240783466, -19.47206364876223, 38.483910463598335]"
47,Central Opercular Cortex,R G_and_S_subcentral,Background,Background,GM Primary auditory cortex TE1.2 R,SUPERIOR_TEMPORAL_GYRUS_middle,SomMotA,SomMotB,47,"[59.91191321753456, 1.5332380426403063, 4.512902281725218]"
48,Lingual Gyrus,R G_oc-temp_med-Lingual,Right V,Cingulum (cingulate gyrus) L,GM Visual cortex V3V R,MEDIAL_VISUAL_NETWORK_anteroventral,VisCent,VisPeri,48,"[18.13830079267899, -56.88100814110136, -8.179854710646438]"
49,Background,Background,Vermis VIIIb,Unclassified,Background,CEREBELLUM_IX_dorsal,Background,Background,49,"[-0.2280250408358313, -66.33704926907026, -40.8497369238438]"
50,Postcentral Gyrus,R S_central,Background,Background,GM Primary motor cortex BA4p R,right_SOMATOMOTOR_NETWORK_dorsolateral,SomMotA,SomMotA,50,"[39.84836810600251, -22.199535023764298, 55.41239262932166]"
51,Precuneous Cortex,R G_precuneus,Background,Background,GM Superior parietal lobule 5L R,PRECUNEUS_dorsal,DorsAttnB,DorsAttnB,51,"[-0.2623333532846033, -55.26450970270926, 66.74566256191451]"
52,Background,Background,Background,Anterior limb of internal capsule R,Background,CAUDATE,Background,Background,52,"[13.547803226542754, 11.588485376073834, 7.833593128334442]"
53,Frontal Pole,R S_front_sup,Background,Background,Background,right_SUPERIOR_FRONTAL_SULCUS,SalVentAttnA,SalVentAttnB,53,"[25.319239448857147, 39.806628223507886, 36.98104196286337]"
54,Background,Background,Background,Anterior corona radiata L,WM Corticospinal tract R,right_SUPERIOR_FRONTAL_SULCUS,Background,Background,54,"[24.587758239208895, 2.5295655182506778, 35.24375216620412]"
55,Frontal Orbital Cortex,R S_orbital-H_Shaped,Background,Background,Background,LATERAL_ORBITAL_GYRUS,LimbicA,LimbicB,55,"[-35.35801387653024, 39.98716672530031, -16.672508709272172]"
56,"Inferior Frontal Gyrus, pars triangularis",L G_front_middle,Background,Background,GM Broca's area BA45 L,left_INFERIOR_FRONTAL_SULCUS,ContA,ContA,56,"[-54.423334645115226, 25.568155087225307, 27.8578709279207]"
57,Background,Background,Background,Superior fronto-occipital fasciculus (could be a part of anterior internal capsule) R,WM Fornix,CAUDATE_dorsal,Background,Background,57,"[12.751184695884234, -1.8169664397425436, 17.51992746907443]"
58,Occipital Fusiform Gyrus,L G_oc-temp_lat-fusifor,Left VI,Background,GM Visual cortex V4 L,VENTRAL_VISUAL_NETWORK_lateral,VisCent,VisCent,58,"[-34.44193343027048, -72.72837279852324, -17.30739733184869]"
59,Background,Background,Background,Pontine crossing tract (a part of MCP),WM Callosal body,CAUDATE_ventral,Background,Background,59,"[-0.579659988583515, 25.69943729466891, 4.120462722158933]"
60,Frontal Pole,L G_front_sup,Background,Background,Background,DORSOMEDIAL_PREFRONTAL_CORTEX_anterororstral,DefaultB,DefaultA,60,"[-3.6412118919479184, 67.96392571664902, 16.695042407244145]"
61,Lingual Gyrus,R G_oc-temp_med-Lingual,Background,Background,GM Visual cortex V3V L,VENTRAL_VISUAL_NETWORK_medial,VisCent,VisPeri,61,"[9.182461719834663, -74.28134311706785, -1.0244358537912177]"
62,Superior Parietal Lobule,R S_intrapariet_and_P_trans,Background,Background,GM Anterior intra-parietal sulcus hIP3 R,DORSAL_VISUAL_STREAM_superior,DorsAttnB,DorsAttnA,62,"[30.455267484279773, -55.41732002260383, 52.79256345285992]"
63,"Middle Temporal Gyrus, temporooccipital part",L S_temporal_sup,Background,Background,GM Inferior parietal lobule PFm L,left_ANGULAR_GYRUS,SalVentAttnA,TempPar,63,"[-56.45857407382954, -51.5479483372021, 12.398463800274271]"
64,Precuneous Cortex,L S_cingul-Marginalis,Background,Background,GM Superior parietal lobule 5M L,PRECUNEUS_dorsal,SalVentAttnA,ContC,64,"[0.011655051040818876, -43.91855103781458, 54.65133300766769]"
65,Subcallosal Cortex,L G_subcallosal,Background,External capsule R,Background,CAUDATE_NUCLEUS_HEAD_and_NUCLEUS_ACCUMBENS,LimbicA,LimbicB,65,"[-9.77704200032646, 14.018767658133811, -10.215756415142167]"
66,Middle Frontal Gyrus,R G_front_middle,Background,Background,Background,right_MIDDLE_FRONTAL_GYRUS_posterior,ContA,ContB,66,"[37.770076868155115, 26.597136968928254, 38.44799546009601]"
67,Superior Frontal Gyrus,L S_front_sup,Background,Background,GM Premotor cortex BA6 L,FRONTAL_EYE_FIELD,DorsAttnB,ContA,67,"[-25.676453007723936, 6.102359664446084, 58.54163980348767]"
68,Background,Background,Right IX,Medial lemniscus L,Background,CEREBELLUM_VIIIab,Background,Background,68,"[-1.293888748532936, -57.61183313891141, -49.206266711337285]"
69,Parietal Operculum Cortex,R G_pariet_inf-Supramar,Background,Background,GM Secondary somatosensory cortex / Parietal operculum OP1 R,SUPRAMARGINAL_GYRUS,SalVentAttnA,SalVentAttnA,69,"[59.668172675861115, -24.00900003570409, 17.558925913335344]"
70,Background,Background,Background,Tapetum R,WM Callosal body,Background,Background,Background,70,"[-19.68133859832217, -34.44812585278028, 23.608826511121777]"
71,Background,L S_circular_insula_inf,Background,External capsule R,WM Uncinate fascicle R,PUTAMEN_posterior,Background,Background,71,"[-29.86289127250987, -0.6213817983726813, -4.770780258240123]"
72,"Supramarginal Gyrus, anterior division",R G_pariet_inf-Supramar,Background,Background,GM Inferior parietal lobule PFcm R,SUPRAMARGINAL_GYRUS,SalVentAttnA,SalVentAttnA,72,"[58.56155790157936, -29.889327579127922, 29.825703348902636]"
73,Insular Cortex,R G_insular_short,Background,Sagittal stratum (include inferior longitidinal fasciculus and inferior fronto-occipital fasciculus) L,WM Inferior occipito-frontal fascicle R,ANTERIOR_INSULA_posterodorsal,SalVentAttnA,SalVentAttnA,73,"[38.5502479443428, 0.7905588134218817, 0.08428498640462578]"
74,"Inferior Frontal Gyrus, pars opercularis",L S_front_inf,Background,Background,GM Broca's area BA45 L,left_INFERIOR_FRONTAL_SULCUS,ContA,ContA,74,"[-44.71960352962298, 18.56423635271483, 25.804042338462736]"
75,Superior Frontal Gyrus,R G_front_sup,Background,Background,GM Premotor cortex BA6 L,SUPERIOR_FRONTAL_GYRUS_anterodorsal,DefaultB,DefaultB,75,"[-13.683670052907857, 18.054427315671234, 61.73082885032423]"
76,Supracalcarine Cortex,R G_cuneus,Background,Background,GM Visual cortex V2 BA18 R,MEDIODORSAL_VISUAL_NETWORK_posterior,VisCent,VisPeri,76,"[1.2908045778564343, -87.77054650631518, 16.710567938107005]"
77,Lingual Gyrus,L G_oc-temp_med-Lingual,Background,Background,GM Visual cortex V3V L,POSTERIOR_VISUAL_NETWORK_ventromedial,VisCent,VisCent,77,"[-1.1593626296076565, -85.26871893182718, -6.415103617324647]"
78,Frontal Pole,R G_and_S_transv_frontopol,Background,Background,Background,left_FRONTAL_POLE_lateral,ContA,ContB,78,"[30.910173051985296, 62.525880518983456, 3.2765855797399865]"
79,"Inferior Temporal Gyrus, temporooccipital part",L S_oc-temp_lat,Left VI,Background,Background,FUSIFORM_GYRUS_ventrolateral,DorsAttnB,DorsAttnA,79,"[-46.02711563857608, -53.045943512132496, -16.870283587288966]"
80,Background,Background,Vermis Crus I,Background,Background,right_CEREBELLUM_CRUSII_posterior,Background,Background,80,"[20.01768397674067, -73.96914123305554, -27.435862449841864]"
81,Frontal Pole,R G_front_sup,Background,Background,Background,SUPERIOR_FRONTAL_GYRUS_anterodorsal,DefaultB,DefaultB,81,"[0.378257647967601, 54.56040529874562, 43.10463973688604]"
82,Postcentral Gyrus,R G_and_S_subcentral,Background,Background,GM Primary somatosensory cortex BA3b L,SOMATOMOTOR_NETWORK_ventrolateral,SomMotA,SomMotB,82,"[57.637963969181186, -3.935078077646182, 25.25805940583531]"
83,Occipital Pole,R S_oc_sup_and_transversal,Background,Background,GM Visual cortex V2 BA18 R,LATERAL_VISUAL_NETWORK_dorsoposterior,VisCent,VisCent,83,"[24.753404060720186, -87.97155910985586, 24.43473073784679]"
84,Intracalcarine Cortex,L S_calcarine,Background,Posterior thalamic radiation (include optic radiation) R,WM Optic radiation L,MEDIAL_VISUAL_NETWORK_anterodorsal,Background,Background,84,"[-24.503273160750695, -74.51862622708671, 3.101034621764583]"
85,Heschl's Gyrus (includes H1 and H2),R G_Ins_lg_and_S_cent_ins,Background,Background,GM Insula Ig2 R,POSTERIOR_INSULA_dorsal,SomMotA,SomMotB,85,"[44.261292547917066, -11.351120642482414, 9.198558848025044]"
86,Postcentral Gyrus,R S_central,Background,Background,GM Primary motor cortex BA4p L,SOMATOMOTOR_NETWORK_mediolateral,SomMotA,SomMotA,86,"[20.54732135101031, -29.073940571540533, 62.2010387565071]"
87,Supracalcarine Cortex,R G_cuneus,Background,Background,GM Visual cortex V1 BA17 R,MEDIAL_VISUAL_NETWORK_posterior,VisCent,VisPeri,87,"[4.803574670797673, -77.72505495889159, 10.843976571848202]"
88,"Lateral Occipital Cortex, inferior division",L S_oc_middle_and_Lunatus,Background,Background,GM Visual cortex V3V L,POSTERIOR_VISUAL_NETWORK_lateral,VisCent,VisCent,88,"[-29.27954184144224, -91.58937931847704, 3.6179285870601063]"
89,"Cingulate Gyrus, posterior division",R G_cingul-Post-dorsal,Background,Body of corpus callosum,WM Cingulum L,PRECUNEUS_ventral,DefaultB,ContC,89,"[-0.08398447117275509, -38.29315299454788, 26.043661971171574]"
90,Occipital Fusiform Gyrus,L G_oc-temp_lat-fusifor,Left Crus I,Background,Background,CEREBELLUM_CRUSI,Background,Background,90,"[-33.83359304019599, -73.65219737201598, -23.149334953990632]"
91,Frontal Pole,L G_and_S_frontomargin,Background,Anterior corona radiata R,WM Callosal body,left_FRONTAL_POLE_lateral,ContA,ContB,91,"[-28.00989604396183, 45.755503518938525, 1.5569680436150435]"
92,"Middle Temporal Gyrus, temporooccipital part",L Lat_Fis-post,Background,Posterior thalamic radiation (include optic radiation) R,WM Optic radiation L,left_ANGULAR_GYRUS,Background,TempPar,92,"[-38.94122571602414, -49.28509946714689, 10.894958332783588]"
93,"Inferior Frontal Gyrus, pars triangularis",L S_orbital_lateral,Background,Background,GM Broca's area BA45 L,left_INFERIOR_FRONTAL_SULCUS,ContA,ContA,93,"[-44.95676072276731, 40.21724836088529, 9.359277243005408]"
94,"Parahippocampal Gyrus, posterior division",R G_oc-temp_med-Parahip,Background,Fornix (cres) / Stria terminalis (can not be resolved with current resolution) R,GM Hippocampus dentate gyrus R,HIPPOCAMPUS,Background,Background,94,"[19.825658996723533, -34.048190505336706, 0.17202099641946234]"
95,"Parahippocampal Gyrus, posterior division",L G_oc-temp_med-Parahip,Left I-IV,Inferior cerebellar peduncle L,Background,CEREBELLUM_VERMIS,Background,Background,95,"[-0.8287575922267507, -45.64866299106245, -13.582958283526466]"
96,"Inferior Temporal Gyrus, temporooccipital part",R G_occipital_middle,Background,Background,GM Inferior parietal lobule PGp R,DORSAL_VISUAL_STREAM_ventrolateral,DorsAttnB,DorsAttnA,96,"[35.349230684056266, -77.83722525820056, 34.79506750471401]"
97,Background,R S_front_middle,Background,Retrolenticular part of internal capsule L,WM Callosal body,right_MIDDLE_FRONTAL_GYRUS_anterior,Background,Background,97,"[23.1355319527174, 37.69406379891271, 17.124386533438326]"
98,Precentral Gyrus,L S_precentral-sup-part,Background,Background,GM Premotor cortex BA6 L,FRONTAL_EYE_FIELD,DorsAttnB,DorsAttnB,98,"[-29.39319444407677, -11.112742971199054, 60.675688677617586]"
99,Precentral Gyrus,R S_central,Background,Background,GM Primary motor cortex BA4p L,SOMATOMOTOR_NETWORK_lateral,SomMotA,SomMotB,99,"[42.96976541868679, -12.988380469313938, 42.95484169676902]"
100,Background,R S_precentral-inf-part,Background,Superior longitudinal fasciculus L,WM Superior occipito-frontal fascicle R,right_INFERIOR_FRONTAL_SULCUS,Background,Background,100,"[27.258394690694743, 13.263308107968157, 21.337039196653933]"
101,"Cingulate Gyrus, posterior division",L G_cingul-Post-ventral,Background,Cingulum (hippocampus) R,WM Cingulum L,PARIETO_OCCIPITAL_SULCUS_ventral,DefaultB,DefaultC,101,"[-6.458405940577123, -51.4576073517609, 10.838021415366086]"
102,Background,Background,Background,Splenium of corpus callosum,WM Fornix,THALAMUS_dorsal,Background,Background,102,"[-11.875741558407341, -19.678811504256487, 18.22788507068762]"
103,Frontal Pole,L G_and_S_transv_frontopol,Background,Background,Background,FRONTAL_POLE,LimbicA,LimbicB,103,"[-24.777637995354638, 62.20631712453351, -4.2950511163878815]"
104,Background,L S_circular_insula_ant,Background,External capsule R,WM Inferior occipito-frontal fascicle L,PUTAMEN_anterior,Background,Background,104,"[-23.413045435369668, 12.082380404555664, -4.204415282951686]"
105,"Lateral Occipital Cortex, superior division",L S_intrapariet_and_P_trans,Background,Background,GM Anterior intra-parietal sulcus hIP3 L,left_INTRAPARIETAL_SULCUS,DorsAttnB,DorsAttnA,105,"[-24.224878182155862, -68.40189521674037, 47.01086483038071]"
106,Occipital Pole,L Pole_occipital,Background,Background,GM Visual cortex V2 BA18 L,POSTERIOR_VISUAL_NETWORK_lateral,VisCent,VisCent,106,"[-19.31902297907928, -102.34041086401227, 3.826376165227927]"
107,"Middle Temporal Gyrus, temporooccipital part",R G_temporal_middle,Background,Background,GM Visual cortex V5 R,FUSIFORM_GYRUS_dorsolateral,DorsAttnB,DorsAttnB,107,"[58.79270426416875, -56.49802427258933, 0.3605029990214774]"
108,Angular Gyrus,R G_pariet_inf-Angular,Background,Background,GM Inferior parietal lobule Pga R,right_INFERIOR_PARIETAL_LOBULE,DefaultB,DefaultA,108,"[54.807897302403376, -54.6332918265618, 32.33974827384938]"
109,Frontal Operculum Cortex,L Lat_Fis-ant-Horizont,Background,Background,GM Broca's area BA44 L,ANTERIOR_INSULA_anteroodorsal,SalVentAttnA,SalVentAttnB,109,"[-35.42084639475289, 25.09689692857296, 0.8368024619688583]"
110,"Cingulate Gyrus, posterior division",L G_cingul-Post-ventral,Left I-IV,Body of corpus callosum,GM Hippocampus subiculum L,PARIETO_OCCIPITAL_SULCUS_ventral,Background,DefaultC,110,"[0.26365420113170046, -38.957290114925385, 2.030067655734001]"
111,Occipital Fusiform Gyrus,L G_and_S_occipital_inf,Right Crus I,Background,GM Visual cortex V3V R,NOISE,VisCent,VisCent,111,"[21.894926451293628, -86.81430164278186, -16.686630827188935]"
112,"Lateral Occipital Cortex, inferior division",R S_occipital_ant,Background,Background,GM Visual cortex V5 R,FUSIFORM_GYRUS_dorsolateral,VisCent,DorsAttnA,112,"[-48.10735300176668, -70.68262986208319, 10.056723923237982]"
113,Background,R S_precentral-sup-part,Background,Background,GM Primary somatosensory cortex BA3a R,SOMATOMOTOR_NETWORK_anteromedial,Background,Background,113,"[20.965928763012172, -19.411690347033414, 52.00299517870542]"
114,Postcentral Gyrus,L G_precentral,Background,Background,GM Primary somatosensory cortex BA2 L,left_SOMATOMOTOR_NETWORK_dorsolateral,SomMotA,SomMotA,114,"[-34.645707895613775, -37.83429202364553, 61.648183018990466]"
115,Paracingulate Gyrus,L G_front_sup,Background,Background,GM Premotor cortex BA6 L,DORSOMEDIAL_PREFRONTAL_CORTEX_posterior,ContA,SalVentAttnB,115,"[-0.5707462714618714, 18.38156785231112, 50.63501124059994]"
116,"Parahippocampal Gyrus, posterior division",L S_oc-temp_med_and_Lingual,Left V,Cingulum (hippocampus) R,GM Hippocampus cornu ammonis L,COLLATERAL_SULCUS,VisCent,DefaultC,116,"[-25.791461449468315, -44.17370243311309, -11.456096276560544]"
117,Angular Gyrus,R S_interm_prim-Jensen,Background,Background,GM Anterior intra-parietal sulcus hIP1 R,right_INTRAPARIETAL_SULCUS,ContA,ContA,117,"[40.63954665337488, -49.654365299999384, 46.024748599393575]"
118,Intracalcarine Cortex,L S_calcarine,Background,Background,GM Visual cortex V1 BA17 L,POSTERIOR_VISUAL_NETWORK_ventromedial,VisCent,VisPeri,118,"[0.9008729473313934, -88.97241208153821, 3.701233345392623]"
119,"Lateral Occipital Cortex, superior division",L G_pariet_inf-Angular,Background,Background,GM Inferior parietal lobule PGp L,DORSAL_VISUAL_STREAM_ventrolateral,DorsAttnB,DefaultC,119,"[-43.053243559543866, -79.86766678161845, 30.013364750953144]"
120,Paracingulate Gyrus,R G_and_S_cingul-Ant,Background,Background,Background,DORSOMEDIAL_PREFRONTAL_CORTEX_posterior,ContA,SalVentAttnB,120,"[1.011105880511991, 35.289974341627385, 30.92627809954631]"
121,Occipital Pole,L Pole_occipital,Background,Background,GM Visual cortex V2 BA18 R,POSTERIOR_VISUAL_NETWORK_dorsomedial,VisCent,VisCent,121,"[19.987847400882828, -96.82173281026061, 15.348292166579753]"
122,Postcentral Gyrus,R S_cingul-Marginalis,Background,Background,GM Superior parietal lobule 5M L,INFERIOR_MARGINAL_SULCUS,SomMotA,SomMotA,122,"[10.289510510501259, -34.200672458995314, 53.00890497191833]"
123,"Lateral Occipital Cortex, superior division",R S_intrapariet_and_P_trans,Background,Background,GM Anterior intra-parietal sulcus hIP3 R,right_DORSAL_VISUAL_STREAM_ventral,DorsAttnB,DorsAttnA,123,"[30.10992012121386, -68.69599337100534, 44.22441453563174]"
124,"Parahippocampal Gyrus, posterior division",L G_oc-temp_med-Parahip,Left I-IV,Superior cerebellar peduncle L,GM Medial geniculate body R,AMYGDALA,Background,DefaultC,124,"[18.310023612402972, -24.229756680389855, -11.441852422423722]"
125,"Lateral Occipital Cortex, superior division",R G_pariet_inf-Angular,Background,Background,GM Inferior parietal lobule PGp R,right_INFERIOR_PARIETAL_LOBULE,DefaultB,DefaultC,125,"[47.86255220344381, -63.37161913974391, 28.170675675126375]"
126,Angular Gyrus,L S_interm_prim-Jensen,Background,Background,GM Inferior parietal lobule Pga L,left_INFERIOR_PARIETAL_LOBULE,DefaultB,DefaultB,126,"[-48.35303181507898, -61.330229855656455, 26.18915953672466]"
127,Precuneous Cortex,R S_parieto_occipital,Background,Body of corpus callosum,WM Callosal body,PARIETO_OCCIPITAL_SULCUS,VisCent,DefaultC,127,"[19.391697209446605, -58.54505584436289, 22.330685499271752]"
128,Middle Frontal Gyrus,R S_precentral-inf-part,Background,Background,GM Premotor cortex BA6 R,right_MIDDLE_FRONTAL_GYRUS_posterior,ContA,ContA,128,"[46.97430763299252, 4.779248572744962, 46.584726151478975]"
129,"Parahippocampal Gyrus, posterior division",Background,Left I-IV,Cerebral peduncle R,GM Mamillary body,CEREBELLUM_VERMIS,Background,Background,129,"[-0.907616342470817, -26.935154611365547, -16.45070645851827]"
130,Frontal Orbital Cortex,L S_orbital-H_Shaped,Background,Retrolenticular part of internal capsule L,WM Callosal body,FRONTAL_POLE,Background,LimbicB,130,"[16.01589784874598, 35.85741693282597, -9.222063475072332]"
131,Insular Cortex,L G_Ins_lg_and_S_cent_ins,Background,Uncinate fasciculus R,WM Uncinate fascicle L,ANTERIOR_INSULA_ventral,SalVentAttnA,SalVentAttnA,131,"[-31.381410686435487, -1.5394036989333983, -13.57710425388693]"
132,Background,Background,Background,Splenium of corpus callosum,WM Fornix,THALAMUS_dorsal,Background,Background,132,"[-0.04452980930958006, -13.03853457754333, 11.391726690624282]"
133,"Middle Temporal Gyrus, anterior division",R G_temporal_middle,Background,Background,Background,right_MIDDLE_TEMPORAL_GYRUS_anterior,DefaultB,DefaultA,133,"[57.08710821699691, -8.315075214574435, -15.12407775204062]"
134,Background,R Lat_Fis-post,Background,Superior corona radiata L,WM Superior longitudinal fascicle R,HIPPOCAMPUS,Background,Background,134,"[30.653049064262888, -41.9058286181062, 24.338686610954966]"
135,Middle Frontal Gyrus,L G_front_sup,Background,Background,Background,left_SUPERIOR_FRONTAL_SULCUS_anterior,DefaultB,DefaultB,135,"[-27.45065772305678, 29.885982557805107, 55.536151148188026]"
136,Postcentral Gyrus,R G_and_S_paracentral,Background,Background,GM Superior parietal lobule 5L L,SUPERIOR_PARIETAL_LOBULE,SomMotA,SomMotA,136,"[-0.031086423391116114, -40.24691901534872, 68.7204780638993]"
137,Background,Background,Left I-IV,Middle cerebellar peduncle,Background,Background,Background,Background,137,"[-0.20295780019525012, -28.285341122478272, -31.675108165462348]"
138,Intracalcarine Cortex,L S_calcarine,Background,Posterior thalamic radiation (include optic radiation) R,GM Visual cortex V1 BA17 L,MEDIAL_VISUAL_NETWORK_posterior,VisCent,VisPeri,138,"[-15.26027950693107, -76.49217458200437, 11.564042738381303]"
139,Background,Background,Background,Body of corpus callosum,WM Fornix,THALAMUS_dorsal,Background,Background,139,"[-14.619221962629396, -36.86019568209305, 13.376158937896236]"
140,Frontal Pole,L S_orbital_lateral,Background,Background,Background,right_FRONTAL_POLE_lateral,ContA,ContB,140,"[-46.12733883205594, 50.74843350446426, -4.6487295889943425]"
141,Precentral Gyrus,R G_postcentral,Background,Background,GM Primary somatosensory cortex BA1 R,SOMATOMOTOR_NETWORK_mediolateral,SomMotA,SomMotA,141,"[21.786857299081774, -25.109896570112056, 70.23845748937552]"
142,Background,Background,Vermis Crus I,Background,Background,CEREBELLUM_CRUSI,Background,Background,142,"[5.130597454999801, -83.7377913676756, -22.83119300439904]"
143,Frontal Pole,R S_orbital_lateral,Background,Background,GM Broca's area BA45 R,right_PARS_ORBITALIS,ContA,SalVentAttnB,143,"[44.24805539811496, 45.511647331012995, 6.025630626682656]"
144,Angular Gyrus,L G_pariet_inf-Angular,Background,Background,GM Inferior parietal lobule Pga L,left_INFERIOR_PARIETAL_LOBULE,ContA,ContB,144,"[-40.92455092148765, -62.85108056360053, 53.42105178824232]"
145,"Supramarginal Gyrus, posterior division",R S_interm_prim-Jensen,Background,Background,GM Inferior parietal lobule PFm R,right_INFERIOR_PARIETAL_LOBULE,ContA,ContB,145,"[53.65977855638195, -43.69605649557823, 42.781771692645194]"
146,Background,Background,Right Crus I,Unclassified,Background,right_CEREBELLUM_CRUSII_anterior,Background,Background,146,"[34.837200629765306, -64.13266389175145, -36.47971590135781]"
147,Frontal Operculum Cortex,R G_insular_short,Background,Background,GM Broca's area BA44 R,ANTERIOR_INSULA_ventral,SalVentAttnA,SalVentAttnB,147,"[48.89138705727419, 15.941212529868494, -4.6803411025995985]"
148,Paracingulate Gyrus,L S_suborbital,Background,Background,WM Cingulum L,PERIGENUAL_ANTERIOR_CINGULATE_CORTEX,DefaultB,DefaultA,148,"[0.1279889305800168, 44.6043445699176, -3.259446833166237]"
149,Precentral Gyrus,R G_precentral,Background,Background,GM Primary somatosensory cortex BA1 R,right_SOMATOMOTOR_NETWORK_dorsolateral,SomMotA,SomMotA,149,"[47.13741027527766, -14.337322258379942, 61.63664024925447]"
150,Supracalcarine Cortex,L S_parieto_occipital,Background,Background,GM Visual cortex V2 BA18 L,PARIETO_OCCIPITAL_SULCUS,VisCent,DefaultC,150,"[-11.240625847027417, -63.36433587066928, 16.356379249131663]"
151,Precentral Gyrus,L G_and_S_paracentral,Background,Background,GM Primary motor cortex BA4a R,SUPERIOR_PARIETAL_LOBULE,SomMotA,SomMotA,151,"[0.35634136792046434, -14.535270910064838, 70.74268576874522]"
152,Occipital Pole,R G_occipital_sup,Background,Background,GM Superior parietal lobule 7P R,MEDIODORSAL_VISUAL_NETWORK_posterior,VisCent,VisPeri,152,"[-16.764357137506025, -89.59009086919959, 39.45964057594223]"
153,Background,Background,Right V,Background,Background,CEREBELLUM_I-V,Background,Background,153,"[0.6554612378107834, -61.8746500555535, -12.109773355576323]"
154,Occipital Fusiform Gyrus,L S_collat_transv_post,Left VI,Sagittal stratum (include inferior longitidinal fasciculus and inferior fronto-occipital fasciculus) R,GM Visual cortex V4 L,VENTRAL_VISUAL_NETWORK_medial,VisCent,VisCent,154,"[-26.230912575716644, -67.3723690203483, -8.762303706636757]"
155,Background,Background,Left Crus II,Background,Background,left_CEREBELLUM_CRUSII_posterior,Background,Background,155,"[-35.03318272483442, -75.6625185971965, -42.013282466181145]"
156,Background,R S_central,Background,Anterior corona radiata L,WM Superior longitudinal fascicle R,Background,Background,Background,156,"[27.397368604696794, -17.67432078157391, 30.564937658450404]"
157,Background,L Lat_Fis-post,Background,Posterior limb of internal capsule R,GM Insula Ig1 L,THALAMUS_dorsal,Background,Background,157,"[-19.4019733216998, -18.802835215048916, 14.075903828903066]"
158,Occipital Fusiform Gyrus,L G_and_S_occipital_inf,Background,Background,GM Visual cortex V3V L,POSTERIOR_VISUAL_NETWORK_ventromedial,VisCent,VisCent,158,"[-20.119484137322218, -90.82666053110098, -9.658828627046972]"
159,"Superior Temporal Gyrus, posterior division",L S_temporal_sup,Background,Background,Background,left_MIDDLE_TEMPORAL_GYRUS_posterior,DefaultB,TempPar,159,"[-59.11468813115323, -37.966435042560974, 0.03660208651442076]"
160,Temporal Occipital Fusiform Cortex,L G_oc-temp_lat-fusifor,Left VI,Background,Background,CEREBELLUM_VI_dorsal,Background,Background,160,"[-27.23124237035117, -61.238201494322354, -22.571459586160543]"
161,Angular Gyrus,R S_temporal_sup,Background,Background,GM Inferior parietal lobule Pga R,right_ANGULAR_GYRUS,DorsAttnB,DorsAttnA,161,"[54.0388424143745, -58.91561767506286, 14.412244237437477]"
162,Planum Polare,L G_temp_sup-Plan_polar,Background,Background,GM Primary auditory cortex TE1.2 L,POSTERIOR_INSULA_ventral,SomMotA,SomMotB,162,"[47.51653162444282, 0.131018127553034, -6.2664812020364735]"
163,"Middle Temporal Gyrus, posterior division",L G_temporal_middle,Background,Background,Background,left_MIDDLE_TEMPORAL_GYRUS_anterior,DefaultB,DefaultB,163,"[-59.00272612136716, -19.29351642629709, -11.62451255225568]"
164,Background,Background,Vermis X,Corticospinal tract L,Background,CEREBELLUM_IX_middle,Background,Background,164,"[-0.8471253470758455, -38.711590123372815, -37.375868671163055]"
165,"Lateral Occipital Cortex, superior division",L G_pariet_inf-Angular,Background,Background,GM Inferior parietal lobule PGp L,left_INFERIOR_PARIETAL_LOBULE,DefaultB,DefaultA,165,"[-45.480986634026934, -71.06577149374951, 42.1485785389965]"
166,Planum Temporale,L Lat_Fis-post,Background,Background,GM Primary auditory cortex TE1.1 L,SUPERIOR_TEMPORAL_GYRUS_posterior,SomMotA,SomMotB,166,"[-46.36011986426878, -29.406958144819953, 13.512285810174603]"
167,"Parahippocampal Gyrus, posterior division",R G_oc-temp_med-Parahip,Background,Cingulum (hippocampus) L,GM Hippocampus dentate gyrus L,HIPPOCAMPUS,Background,DefaultC,167,"[-30.66057689455471, -28.260971420080182, -9.55311192855494]"
168,Background,Background,Background,Splenium of corpus callosum,WM Fornix,CAUDATE,Background,Background,168,"[-0.643902719906734, 4.5486033426027745, 9.39702181029186]"
169,"Inferior Temporal Gyrus, anterior division",R Pole_temporal,Background,Background,GM Hippocampus entorhinal cortex R,TEMPORAL_POLE,LimbicA,LimbicA,169,"[-45.983591086963926, 9.187523099808459, -36.97910605964607]"
170,Precentral Gyrus,L S_precentral-inf-part,Background,Background,GM Broca's area BA44 L,left_INFERIOR_FRONTAL_SULCUS,DorsAttnB,ContA,170,"[-44.941199684606964, 4.760835169325901, 34.18422884474376]"
171,Background,Background,Left Crus I,Unclassified,Background,left_CEREBELLUM_CRUSII_anterior,Background,Background,171,"[-33.30188540700034, -62.07679416302561, -32.62242085370447]"
172,Background,Background,Left VI,Unclassified,Background,CEREBELLUM_I-V,Background,Background,172,"[19.926521940227374, -49.173967859972066, -29.32949291110846]"
173,Middle Frontal Gyrus,L G_front_middle,Background,Background,GM Broca's area BA44 L,left_MIDDLE_FRONTAL_GYRUS_posterorostral,DefaultB,DefaultB,173,"[-44.98996931486637, 13.204352533222334, 46.20739239230045]"
174,Frontal Pole,Background,Background,Background,Background,left_MIDDLE_FRONTAL_GYRUS_anterior,SalVentAttnA,SalVentAttnB,174,"[-35.76074179619181, 51.91194315488519, 29.173013784721803]"
175,"Cingulate Gyrus, anterior division",L G_and_S_cingul-Ant,Background,Cingulum (cingulate gyrus) R,WM Cingulum L,ANTERIOR_CINGULATE_CORTEX_dorsal,DefaultB,SalVentAttnB,175,"[-0.4669000059858206, 35.81649122108789, 20.433671878625603]"
176,Angular Gyrus,L S_interm_prim-Jensen,Background,Background,GM Inferior parietal lobule PFm L,left_INFERIOR_PARIETAL_LOBULE,DefaultB,DefaultB,176,"[-55.04850546060523, -56.59045114288534, 37.891136265049454]"
177,Precuneous Cortex,L S_subparietal,Background,Posterior corona radiata R,Background,POSTERIOR_CINGULATE_CORTEX,DefaultB,DefaultA,177,"[-7.268300089749289, -50.12045641053899, 37.49160076828761]"
178,Background,Background,Right Crus II,Background,Background,right_CEREBELLUM_CRUSII_posterior,Background,Background,178,"[25.827553095441957, -84.95838210268474, -35.069205035633985]"
179,Juxtapositional Lobule Cortex (formerly Supplementary Motor Cortex),L G_front_sup,Background,Background,GM Premotor cortex BA6 L,PRE_SUPPLEMENTARY_MOTOR_CORTEX_anterior,SalVentAttnA,SalVentAttnA,179,"[1.8369402379903477, -2.5052082612397726, 73.5082813086467]"
180,Background,Background,Vermis VI,Background,Background,CEREBELLUM_VI_dorsal,Background,Background,180,"[1.5451975266115454, -65.44170349633757, -23.00430924215133]"
181,Superior Frontal Gyrus,L G_front_sup,Background,Background,GM Premotor cortex BA6 L,PRE_SUPPLEMENTARY_MOTOR_CORTEX_anterior,DefaultB,DefaultB,181,"[-0.5944056893731045, 20.51976589636314, 65.98105272277195]"
182,"Supramarginal Gyrus, posterior division",L S_intrapariet_and_P_trans,Background,Background,GM Anterior intra-parietal sulcus hIP1 L,left_INTRAPARIETAL_SULCUS,ContA,ContA,182,"[-36.60080592040963, -50.29009171882193, 41.45407819371799]"
183,Cuneal Cortex,L G_occipital_sup,Background,Background,GM Superior parietal lobule 7M L,MEDIODORSAL_VISUAL_NETWORK_posterior,VisCent,VisPeri,183,"[0.6275056934354808, -82.4228170705151, 30.576988945706617]"
184,Frontal Pole,L G_and_S_transv_frontopol,Background,Background,Background,right_FRONTAL_POLE_lateral,ContA,ContB,184,"[-31.798583195528465, 57.70591736488865, 8.814576393741646]"
185,"Superior Temporal Gyrus, posterior division",R G_temp_sup-Lateral,Background,Background,GM Insula Id1 R,right_MIDDLE_TEMPORAL_GYRUS_posterior,SomMotA,TempPar,185,"[56.78949694219105, -26.59899950345803, -0.38351698901486486]"
186,Background,Background,Left VIIb,Background,Background,CEREBELLUM_VIIb_lateral,Background,Background,186,"[-19.63808015785247, -64.05454866461272, -53.01485299637966]"
187,"Cingulate Gyrus, posterior division",R S_subparietal,Background,Cingulum (cingulate gyrus) R,GM Superior parietal lobule 5M L,POSTERIOR_CINGULATE_CORTEX,DefaultB,ContC,187,"[3.278944695725599, -41.0043458046335, 38.795353368753396]"
188,Superior Parietal Lobule,L G_parietal_sup,Background,Background,GM Superior parietal lobule 5L L,SUPERIOR_PARIETAL_LOBULE,DorsAttnB,DorsAttnB,188,"[-21.359923752017863, -53.586697938032884, 65.23321817125196]"
189,Planum Polare,L S_circular_insula_inf,Background,Sagittal stratum (include inferior longitidinal fasciculus and inferior fronto-occipital fasciculus) L,GM Insula Id1 L,POSTERIOR_INSULA_ventral,SalVentAttnA,SalVentAttnA,189,"[39.14807522296016, -12.143471486638546, -7.051094912941238]"
190,Central Opercular Cortex,L S_circular_insula_sup,Background,Superior longitudinal fasciculus R,GM Secondary somatosensory cortex / Parietal operculum OP3 L,POSTERIOR_INSULA_dorsal,SomMotA,SomMotB,190,"[-42.90147070742531, -9.940421095313596, 16.5598269977025]"
191,Middle Frontal Gyrus,R G_front_middle,Background,Background,GM Broca's area BA45 R,right_MIDDLE_FRONTAL_GYRUS_posterior,ContA,ContB,191,"[49.108865060313576, 20.810878647301536, 36.40812289297372]"
192,Occipital Fusiform Gyrus,R G_oc-temp_med-Lingual,Right VI,Background,GM Visual cortex V3V R,VENTRAL_VISUAL_NETWORK_medial,VisCent,VisCent,192,"[18.561784230739505, -74.08907981110966, -14.152925927885924]"
193,"Lateral Occipital Cortex, inferior division",R G_occipital_middle,Background,Background,GM Inferior parietal lobule PGp R,DORSAL_VISUAL_STREAM_ventrolateral,VisCent,DorsAttnA,193,"[45.344506803851004, -81.78638848777828, 15.136999794170038]"
194,Lingual Gyrus,R G_oc-temp_med-Lingual,Background,Body of corpus callosum,GM Visual cortex V1 BA17 L,VENTRAL_VISUAL_NETWORK_medial,VisCent,VisPeri,194,"[0.229900578983262, -67.67638801560963, 5.658908567684065]"
195,Superior Frontal Gyrus,R S_front_sup,Background,Background,GM Premotor cortex BA6 R,FRONTAL_EYE_FIELD,DorsAttnB,DorsAttnB,195,"[26.746682355849003, -0.22527913725292592, 57.592485777516345]"
196,Cuneal Cortex,R S_parieto_occipital,Background,Background,GM Superior parietal lobule 7M R,MEDIODORSAL_VISUAL_NETWORK_anterior,VisCent,VisPeri,196,"[16.3688733345994, -78.45698743692905, 34.8063142435965]"
197,Precentral Gyrus,L G_and_S_paracentral,Background,Background,GM Primary motor cortex BA4a R,SUPERIOR_PARIETAL_LOBULE,SomMotA,SomMotA,197,"[-9.86240547149859, -24.482849946255655, 79.20930098143481]"
198,Insular Cortex,L S_circular_insula_sup,Background,Cerebral peduncle L,GM Secondary somatosensory cortex / Parietal operculum OP3 L,PUTAMEN_posterior,Background,Background,198,"[26.360876045179097, -1.6159337522079227, 12.802375719061317]"
199,Background,Background,Left I-IV,Inferior cerebellar peduncle L,Background,CEREBELLUM_I-V,Background,Background,199,"[-0.14590662840768687, -48.00661622986682, -22.95705265762956]"
200,Juxtapositional Lobule Cortex (formerly Supplementary Motor Cortex),L G_and_S_cingul-Mid-Post,Background,Background,GM Premotor cortex BA6 L,SOMATOMOTOR_NETWORK_anteromedial,SomMotA,SomMotA,200,"[-0.4066806293776324, -10.782885186702757, 49.19243462079696]"
201,Frontal Pole,R G_front_middle,Background,Background,GM Broca's area BA45 R,right_PARS_ORBITALIS,ContA,SalVentAttnB,201,"[47.269070412806, 43.73785136737095, 25.182246813187618]"
202,Occipital Fusiform Gyrus,R S_collat_transv_post,Background,Posterior thalamic radiation (include optic radiation) L,GM Visual cortex V4 R,VENTRAL_VISUAL_NETWORK_lateral,VisCent,VisCent,202,"[27.776555215789728, -72.98512666980079, -8.133098439929483]"
203,Planum Temporale,R G_temp_sup-G_T_transv,Background,Background,GM Primary auditory cortex TE1.0 R,SUPERIOR_TEMPORAL_GYRUS_middle,SomMotA,SomMotB,203,"[55.984804009148746, -15.936405355523291, 7.661335521793916]"
204,"Cingulate Gyrus, posterior division",L S_pericallosal,Background,Genu of corpus callosum,WM Cingulum L,POSTERIOR_CINGULATE_CORTEX,ContA,ContC,204,"[0.10429020708762948, -20.032166224657587, 29.810953738502832]"
205,Background,Background,Background,Cerebral peduncle R,GM Medial geniculate body L,THALAMUS_ventral,Background,Background,205,"[-7.23530321772796, -19.252182644072448, -4.060140817198729]"
206,"Cingulate Gyrus, anterior division",R S_precentral-sup-part,Background,External capsule L,WM Cingulum R,CINGULATE_SULCUS_posterior,SalVentAttnA,SalVentAttnA,206,"[30.141026668774018, -5.020312097440069, 45.52950960996888]"
207,"Lateral Occipital Cortex, superior division",R G_parietal_sup,Background,Background,GM Superior parietal lobule 7A R,PRECUNEUS_dorsal,DorsAttnB,DorsAttnA,207,"[15.162118338287371, -64.70501675632053, 64.4599788604825]"
208,Background,Background,Left Crus I,Background,Background,left_CEREBELLUM_CRUSII_posterior,Background,Background,208,"[-18.76947673258549, -80.39016346695446, -30.5629746868602]"
209,"Inferior Frontal Gyrus, pars opercularis",R S_precentral-inf-part,Background,Background,GM Broca's area BA44 R,right_INFERIOR_FRONTAL_SULCUS,DorsAttnB,ContA,209,"[43.036964467385104, 10.886285936169315, 29.553168430388965]"
210,Temporal Occipital Fusiform Cortex,R G_oc-temp_lat-fusifor,Right VI,Background,Background,CEREBELLUM_VI_dorsal,VisCent,VisCent,210,"[25.969506489914863, -54.08108042126193, -19.668829831160522]"
211,"Middle Temporal Gyrus, temporooccipital part",L S_temporal_inf,Background,Background,WM Optic radiation L,FUSIFORM_GYRUS_ventrolateral,DorsAttnB,DorsAttnA,211,"[-50.65167708558074, -62.10917380710697, -3.826061251659283]"
212,Lingual Gyrus,L G_cingul-Post-ventral,Right I-IV,Cingulum (hippocampus) R,GM Visual cortex V2 BA18 L,PARIETO_OCCIPITAL_SULCUS_ventral,VisCent,VisPeri,212,"[-10.514466038239519, -49.43851534201113, -1.391445148325829]"
213,Frontal Pole,L S_front_middle,Background,Background,Background,left_MIDDLE_FRONTAL_GYRUS_anterior,ContA,SalVentAttnB,213,"[-26.52885415564704, 50.81249893494635, 22.145493849732418]"
214,"Lateral Occipital Cortex, superior division",R G_parietal_sup,Background,Background,GM Superior parietal lobule 7P R,right_DORSAL_VISUAL_STREAM_ventral,DorsAttnB,DorsAttnA,214,"[17.548994001223477, -70.61756763562073, 52.25665523857194]"
215,Precuneous Cortex,L G_parietal_sup,Background,Background,GM Superior parietal lobule 7P L,PARIETO_OCCIPITAL_SULCUS_dorsal,VisCent,ContC,215,"[10.253028356437298, -77.66584577825097, 43.70272790616738]"
216,Temporal Pole,L G_temp_sup-Plan_polar,Background,Background,GM Amygdala_superficial group R,SUPERIOR_TEMPORAL_GYRUS_anterior,LimbicA,LimbicA,216,"[-41.71207723276851, 14.760035240316654, -19.215642399051887]"
217,Precuneous Cortex,L G_precuneus,Background,Background,GM Superior parietal lobule 7M L,PRECUNEUS_ventral,DefaultB,DefaultA,217,"[-0.5461807517762765, -63.97850911560765, 29.66103845384552]"
218,Precentral Gyrus,R G_and_S_paracentral,Background,Background,GM Primary motor cortex BA4a L,SOMATOMOTOR_NETWORK_medial,SomMotA,SomMotA,218,"[-0.004885163294744643, -25.96803169213588, 60.50996818625788]"
219,Background,Background,Background,Posterior thalamic radiation (include optic radiation) R,GM Hippocampus cornu ammonis L,HIPPOCAMPUS,Background,Background,219,"[-29.5084562708317, -49.13868179406158, 3.369418515335326]"
220,Juxtapositional Lobule Cortex (formerly Supplementary Motor Cortex),L S_precentral-sup-part,Background,Background,GM Premotor cortex BA6 L,left_MIDDLE_FRONTAL_GYRUS_posterocaudal,DorsAttnB,DorsAttnB,220,"[-44.453609572866725, -2.6565975514527906, 53.58373517354477]"
221,Intracalcarine Cortex,R S_calcarine,Background,Background,GM Visual cortex V1 BA17 R,MEDIAL_VISUAL_NETWORK_anterodorsal,VisCent,VisPeri,221,"[12.676246726364582, -64.9250274848077, 7.770543982300552]"
222,Lingual Gyrus,L G_oc-temp_med-Lingual,Vermis VI,Background,Background,CEREBELLUM_VI_dorsal,VisCent,VisPeri,222,"[-0.4434991986579746, -72.81253206791989, -11.616111653123383]"
223,Insular Cortex,L S_circular_insula_sup,Background,External capsule R,GM Insula Ig2 L,PUTAMEN_posterior,Background,Background,223,"[-27.435908480380334, -3.936745150675563, 5.872731790727002]"
224,"Middle Temporal Gyrus, posterior division",R G_temporal_middle,Background,Background,Background,right_MIDDLE_TEMPORAL_GYRUS_posterior,DefaultB,TempPar,224,"[60.918173186164694, -31.640962441724596, -4.601839346696536]"
225,Frontal Operculum Cortex,R S_circular_insula_sup,Background,Background,GM Broca's area BA44 R,ANTERIOR_INSULA_posterodorsal,SalVentAttnA,SalVentAttnA,225,"[36.24099373545533, 15.92611250729297, 8.6424313380558]"
226,Parietal Operculum Cortex,L G_temp_sup-Plan_tempo,Background,Background,GM Inferior parietal lobule PFcm L,SUPERIOR_TEMPORAL_GYRUS_posterior,SalVentAttnA,TempPar,226,"[-56.985054014265906, -38.80122604406287, 22.561996178408208]"
227,Background,Background,Background,Posterior limb of internal capsule R,WM Corticospinal tract L,THALAMUS_dorsal,Background,Background,227,"[-9.633092097965303, -15.90154421739767, 8.144749953632015]"
228,Superior Frontal Gyrus,L G_front_sup,Background,Background,Background,DORSOMEDIAL_PREFRONTAL_CORTEX_posterior,DefaultB,ContB,228,"[-0.5509197522737281, 38.009654047835426, 43.94062669638036]"
229,"Supramarginal Gyrus, posterior division",R S_interm_prim-Jensen,Background,Background,GM Inferior parietal lobule PFm R,right_ANGULAR_GYRUS,SalVentAttnA,TempPar,229,"[57.32854207373728, -42.28448841064953, 13.071127537853286]"
230,Background,L S_intrapariet_and_P_trans,Background,Posterior corona radiata R,GM Anterior intra-parietal sulcus hIP1 L,left_DORSAL_VISUAL_STREAM_ventral,Background,Background,230,"[-27.80650106975351, -49.05950618109516, 26.038682586893813]"
231,"Inferior Frontal Gyrus, pars opercularis",L S_precentral-inf-part,Background,Background,GM Broca's area BA44 L,right_VENTROLATERAL_PREFRONTAL_CORTEX,SalVentAttnA,ContA,231,"[-53.24766682207482, 8.413028397053637, 18.40327296971907]"
232,Temporal Occipital Fusiform Cortex,R G_oc-temp_lat-fusifor,Right VI,Background,Background,CEREBELLUM_VI_anterior,Background,Background,232,"[38.596317825243204, -51.607637375537294, -28.832700400497878]"
233,"Lateral Occipital Cortex, superior division",L S_oc_sup_and_transversal,Background,Background,GM Inferior parietal lobule PGp L,left_DORSAL_VISUAL_STREAM_ventral,DorsAttnB,DorsAttnA,233,"[-29.067842440378016, -75.62100474126534, 30.136125344838987]"
234,Paracingulate Gyrus,L G_front_sup,Background,Background,Background,DORSOMEDIAL_PREFRONTAL_CORTEX_anterocaudal,DefaultB,DefaultB,234,"[-0.5235929259520873, 54.02851941541772, 24.048735738750054]"
235,Frontal Orbital Cortex,R G_front_inf-Orbital,Background,Background,GM Broca's area BA45 R,right_VENTROLATERAL_PREFRONTAL_CORTEX,DefaultB,DefaultB,235,"[49.62719576382102, 32.3803464351046, -9.322145993391757]"
236,"Parahippocampal Gyrus, posterior division",L G_oc-temp_med-Parahip,Left V,Cingulum (cingulate gyrus) L,GM Hippocampus cornu ammonis L,COLLATERAL_SULCUS,VisCent,DefaultC,236,"[-30.42386896633778, -30.665301040345994, -20.997143707035896]"
237,Lingual Gyrus,R S_calcarine,Background,Body of corpus callosum,GM Visual cortex V1 BA17 R,MEDIAL_VISUAL_NETWORK_anterodorsal,VisCent,VisPeri,237,"[20.056416558060675, -53.14791022918163, 3.2153644041940623]"
238,Postcentral Gyrus,L S_central,Background,Background,GM Primary somatosensory cortex BA3b L,SOMATOMOTOR_NETWORK_ventrolateral,SomMotA,SomMotB,238,"[-52.67663151639572, -11.789970479660795, 37.662248812800144]"
239,"Lateral Occipital Cortex, inferior division",L S_occipital_ant,Background,Background,GM Visual cortex V5 L,LATERAL_VISUAL_NETWORK_ventroposterior,VisCent,VisCent,239,"[-47.65185113531669, -76.1184017574763, -2.7036114908567015]"
240,Precuneous Cortex,R G_precuneus,Background,Background,GM Superior parietal lobule 7M R,PARIETO_OCCIPITAL_SULCUS_dorsal,ContA,ContC,240,"[0.34424314458337335, -68.33420092211327, 43.908942490458855]"
241,"Inferior Frontal Gyrus, pars triangularis",R Lat_Fis-ant-Horizont,Background,Background,GM Broca's area BA45 R,right_VENTROLATERAL_PREFRONTAL_CORTEX,SalVentAttnA,SalVentAttnB,241,"[49.60803415776414, 24.084887789768857, 3.54709258119361]"
242,Postcentral Gyrus,R G_postcentral,Background,Background,GM Primary somatosensory cortex BA2 R,left_POSTCENTRAL_SULCUS,SomMotA,SomMotA,242,"[45.75592586239824, -29.92062990832639, 55.05549943357107]"
243,Frontal Medial Cortex,L G_and_S_transv_frontopol,Background,Background,Background,VENTRAL_MEDIAL_PREFRONTAL_CORTEX_anterior,DefaultB,DefaultA,243,"[-0.9794875366871025, 58.183916241155345, -3.6394206932429682]"
244,Middle Frontal Gyrus,R G_front_middle,Background,Background,Background,right_MIDDLE_FRONTAL_GYRUS_posterior,ContA,ContB,244,"[30.653749251211465, 18.734285401201163, 61.02381416342956]"
245,Postcentral Gyrus,L G_precentral,Background,Background,GM Primary somatosensory cortex BA1 L,left_SOMATOMOTOR_NETWORK_dorsolateral,SomMotA,SomMotA,245,"[-43.20120569817372, -19.7846480552069, 66.43247603649718]"
246,Background,R S_subparietal,Background,Superior corona radiata L,GM Anterior intra-parietal sulcus hIP1 R,POSTERIOR_CINGULATE_CORTEX,Background,Background,246,"[21.38377580163437, -49.313239084431615, 32.20177311498374]"
247,Superior Frontal Gyrus,R S_front_sup,Background,Background,Background,right_SUPERIOR_FRONTAL_SULCUS,ContA,ContB,247,"[25.375696223204955, 24.095266244056972, 50.20389356475897]"
248,Background,R S_oc_sup_and_transversal,Background,Posterior corona radiata L,WM Optic radiation R,LATERAL_VISUAL_NETWORK_posterior,Background,Background,248,"[32.875794387887396, -61.82659199632141, 15.478487107839882]"
249,Background,L S_central,Background,Superior longitudinal fasciculus R,WM Superior longitudinal fascicle L,SUPRAMARGINAL_GYRUS,Background,Background,249,"[-33.7314035333948, -20.418562041686897, 29.909103749134033]"
250,"Supramarginal Gyrus, anterior division",L G_and_S_subcentral,Background,Background,GM Inferior parietal lobule PFop L,SUPRAMARGINAL_GYRUS,SalVentAttnA,SalVentAttnA,250,"[-63.402847673145295, -19.726152622931025, 31.643591931591658]"
251,"Cingulate Gyrus, posterior division",R S_cingul-Marginalis,Background,Cingulum (cingulate gyrus) R,GM Superior parietal lobule 5Ci L,INFERIOR_MARGINAL_SULCUS,SalVentAttnA,SalVentAttnA,251,"[13.310890937072742, -29.454038662229095, 41.67303148108155]"
252,Planum Temporale,R Lat_Fis-post,Background,Posterior limb of internal capsule L,GM Insula Ig1 R,HESCHLS GYRUS,SomMotA,TempPar,252,"[45.61290717372148, -41.342341621566405, 4.546307192364253]"
253,Background,L S_central,Background,Superior corona radiata R,WM Superior longitudinal fascicle L,right_POSTCENTRAL_SULCUS,Background,Background,253,"[-26.649193463572047, -19.970276659595086, 38.36724728136093]"
254,Parietal Operculum Cortex,R Lat_Fis-post,Background,Fornix (cres) / Stria terminalis (can not be resolved with current resolution) L,GM Secondary somatosensory cortex / Parietal operculum OP2 R,HESCHLS GYRUS,SomMotA,SomMotB,254,"[39.36893548882145, -18.24240180296532, 19.490761564569127]"
255,Precuneous Cortex,L G_precuneus,Background,Background,GM Superior parietal lobule 7A R,PRECUNEUS_dorsal,DorsAttnB,ContC,255,"[0.26163585061986794, -57.357733381574064, 51.6385621396164]"
